{
  "name": "NeoPatterns",
  "keywords": "NeoPixel, adafruit",
  "description": "Patterns for NeoPixel strips and matrixes including the patterns of the NeoPattern example by Adafruit.",
  "repository": {
    "type": "git",
    "url": "https://github.com/ArminJo/NeoPatterns"
  },
  "version": "2.2.0",
  "exclude": "pictures",
  "authors": {
    "name": "Armin Joachimsmeyer",
    "email": "armin.joachimsmeyer@gmail.com"
  },
  "license": "GPL-3.0-or-later",
  "frameworks": "arduino",
  "platforms": [
    "atmelavr",
    "atmelmegaavr",
    "espressif8266",
    "espressif32",
    "ststm32"
  ]
}